Port Blair
Andaman and Nicobar Islands
Adilabad
Andhra Pradesh
Adoni
Andhra Pradesh
Amadalavalasa
Andhra Pradesh
Amalapuram
Andhra Pradesh
Ameenapuram
Andhra Pradesh
Anakapalle
Andhra Pradesh
Anantapur
Andhra Pradesh
Badepalle
Andhra Pradesh
Banganapalle
Andhra Pradesh
Bapatla
Andhra Pradesh
Bellampalle
Andhra Pradesh
Bethamcherla
Andhra Pradesh
Bhadrachalam
Andhra Pradesh
Bhainsa
Andhra Pradesh
Bheemunipatnam
Andhra Pradesh
Bhimavaram
Andhra Pradesh
Bhongir
Andhra Pradesh
Bobbili
Andhra Pradesh
Bodhan
Andhra Pradesh
Chapirevula
Andhra Pradesh
Chilakaluripet
Andhra Pradesh
Chirala
Andhra Pradesh
Chittoor
Andhra Pradesh
Cuddapah
Andhra Pradesh
Devarakonda
Andhra Pradesh
Dharmavaram
Andhra Pradesh
Eluru
Andhra Pradesh
Farooqnagar
Andhra Pradesh
Gadwal
Andhra Pradesh
Gooty
Andhra Pradesh
Gudivada
Andhra Pradesh
Gudur
Andhra Pradesh
Guntakal
Andhra Pradesh
Guntur
Andhra Pradesh
Hanuman Junction
Andhra Pradesh
Hindupur
Andhra Pradesh
Hyderabad
Andhra Pradesh
Ichchapuram
Andhra Pradesh
Jaggaiahpet
Andhra Pradesh
Jagtial
Andhra Pradesh
Jammalamadugu
Andhra Pradesh
Jangaon
Andhra Pradesh
Kadapa
Andhra Pradesh
Kadiri
Andhra Pradesh
Kagaznagar
Andhra Pradesh
Kakinada
Andhra Pradesh
Kalyandurg
Andhra Pradesh
Kamareddy
Andhra Pradesh
Kandukur
Andhra Pradesh
Karimnagar
Andhra Pradesh
Kavali
Andhra Pradesh
Khammam
Andhra Pradesh
Kodad
Andhra Pradesh
Koratla
Andhra Pradesh
Kothagudem
Andhra Pradesh
Kothapeta
Andhra Pradesh
Kovvur
Andhra Pradesh
Kurnool
Andhra Pradesh
Kyathampalle
Andhra Pradesh
Macherla
Andhra Pradesh
Machilipatnam
Andhra Pradesh
Madanapalle
Andhra Pradesh
Mahbubnagar
Andhra Pradesh
Mancherial
Andhra Pradesh
Mandamarri
Andhra Pradesh
Mandapeta
Andhra Pradesh
Mangalagiri
Andhra Pradesh
Manuguru
Andhra Pradesh
Markapur
Andhra Pradesh
Medak
Andhra Pradesh
Miryalaguda
Andhra Pradesh
Mogalthur
Andhra Pradesh
Nagari
Andhra Pradesh
Nagarkurnool
Andhra Pradesh
Nandyal
Andhra Pradesh
Narasapur
Andhra Pradesh
Narasaraopet
Andhra Pradesh
Narayanpet
Andhra Pradesh
Narsipatnam
Andhra Pradesh
Nellore
Andhra Pradesh
Nidadavole
Andhra Pradesh
Nirmal
Andhra Pradesh
Nizamabad
Andhra Pradesh
Nuzvid
Andhra Pradesh
Ongole
Andhra Pradesh
Palacole
Andhra Pradesh
Palasa Kasibugga
Andhra Pradesh
Pondur
Andhra Pradesh
Palwancha
Andhra Pradesh
Parvathipuram
Andhra Pradesh
Pedana
Andhra Pradesh
Peddapuram
Andhra Pradesh
Penuganchiprolu
Andhra Pradesh
Pithapuram
Andhra Pradesh
Ponnur
Andhra Pradesh
Proddatur
Andhra Pradesh
Punganur
Andhra Pradesh
Puttur
Andhra Pradesh
Rajahmundry
Andhra Pradesh
Rajam
Andhra Pradesh
Rajampet
Andhra Pradesh
Ramachandrapuram
Andhra Pradesh
Ramagundam
Andhra Pradesh
Rayachoti
Andhra Pradesh
Rayadurg
Andhra Pradesh
Renigunta
Andhra Pradesh
Repalle
Andhra Pradesh
Sadasivpet
Andhra Pradesh
Salur
Andhra Pradesh
Samalkot
Andhra Pradesh
Sangareddy
Andhra Pradesh
Sattenapalle
Andhra Pradesh
Siddipet
Andhra Pradesh
Singapur
Andhra Pradesh
Sircilla
Andhra Pradesh
Srikakulam
Andhra Pradesh
Srikalahasti
Andhra Pradesh
Srisailam Project (Right Flank Colony) Township
Andhra Pradesh
Suryapet
Andhra Pradesh
Tadepalligudem
Andhra Pradesh
Tadpatri
Andhra Pradesh
Tandur
Andhra Pradesh
Tanuku
Andhra Pradesh
Tenali
Andhra Pradesh
Tirupati
Andhra Pradesh
Tiruvuru
Andhra Pradesh
Tuni
Andhra Pradesh
Uravakonda
Andhra Pradesh
Venkatagiri
Andhra Pradesh
Vicarabad
Andhra Pradesh
Vijayawada
Andhra Pradesh
Vinukonda
Andhra Pradesh
Visakhapatnam
Andhra Pradesh
Vizianagaram
Andhra Pradesh
Wanaparthy
Andhra Pradesh
Warangal
Andhra Pradesh
Yellandu
Andhra Pradesh
Yemmiganur
Andhra Pradesh
Yerraguntla
Andhra Pradesh
Along
Arunachal Pradesh
Bomdila
Arunachal Pradesh
Itanagar
Arunachal Pradesh
Naharlagun
Arunachal Pradesh
Pasighat
Arunachal Pradesh
Amguri
Assam
Anandnagaar
Assam
Barpeta
Assam
Barpeta Road
Assam
Bilasipara
Assam
Bongaigaon City
Assam
Dhekiajuli
Assam
Dhubri
Assam
Dibrugarh
Assam
Digboi
Assam
Diphu
Assam
Dispur
Assam
Duliajan Oil Town
Assam
Gauripur
Assam
Goalpara
Assam
Golaghat
Assam
Guwahati
Assam
Haflong
Assam
Hailakandi
Assam
Hojai
Assam
Jorhat
Assam
Karimganj
Assam
Kokrajhar
Assam
Lanka
Assam
Lumding
Assam
Mangaldoi
Assam
Mankachar
Assam
Margherita
Assam
Mariani
Assam
Marigaon
Assam
Nagaon
Assam
Nalbari
Assam
North Lakhimpur
Assam
Rangia
Assam
Sibsagar
Assam
Silapathar
Assam
Silchar
Assam
Tezpur
Assam
Tinsukia
Assam
Amarpur
Bihar
Araria
Bihar
Areraj
Bihar
Arrah
Bihar
Arwal
Bihar
Asarganj
Bihar
Aurangabad
Bihar
Bagaha
Bihar
Bahadurganj
Bihar
Bairgania
Bihar
Bakhtiarpur
Bihar
Banka
Bihar
Banmankhi Bazar
Bihar
Barahiya
Bihar
Barauli
Bihar
Barbigha
Bihar
Barh
Bihar
Begusarai
Bihar
Behea
Bihar
Bettiah
Bihar
Bhabua
Bihar
Bhagalpur
Bihar
Bihar Sharif
Bihar
Bikramganj
Bihar
Bodh Gaya
Bihar
Buxar
Bihar
Chanpatia
Bihar
Chhapra
Bihar
Colgong
Bihar
Chandan Bara
Bihar
Dalsinghsarai
Bihar
Darbhanga
Bihar
Daudnagar
Bihar
Dehri-on-Sone
Bihar
Dighwara
Bihar
Dumraon
Bihar
Fatwah
Bihar
Forbesganj
Bihar
Gaya
Bihar
Gogri Jamalpur
Bihar
Gopalganj
Bihar
Hajipur
Bihar
Hilsa
Bihar
Hisua
Bihar
Islampur
Bihar
Jagdispur
Bihar
Jamalpur
Bihar
Jamui
Bihar
Jehanabad
Bihar
Jhajha
Bihar
Jhanjharpur
Bihar
Jogabani
Bihar
Kanti
Bihar
Katihar
Bihar
Khagaria
Bihar
Kharagpur
Bihar
Kishanganj
Bihar
Lakhisarai
Bihar
Lalganj
Bihar
Madhepura
Bihar
Madhubani
Bihar
Maharajganj
Bihar
Mahnar Bazar
Bihar
Makhdumpur
Bihar
Maner
Bihar
Manihari
Bihar
Marhaura
Bihar
Masaurhi
Bihar
Mirganj
Bihar
Mohania
Bihar
Mokama
Bihar
Mokameh
Bihar
Motihari
Bihar
Motipur
Bihar
Munger
Bihar
Murliganj
Bihar
Muzaffarpur
Bihar
Nalanda
Bihar
Narkatiaganj
Bihar
Naugachhia
Bihar
Nawada
Bihar
Nokha
Bihar
Patna
Bihar
Piro
Bihar
Purnia
Bihar
Rafiganj
Bihar
Rajgir
Bihar
Ramnagar
Bihar
Raxaul Bazar
Bihar
Revelganj
Bihar
Rosera
Bihar
Saharsa
Bihar
Samastipur
Bihar
Sasaram
Bihar
Sheikhpura
Bihar
Sheohar
Bihar
Sherghati
Bihar
Silao
Bihar
Sitamarhi
Bihar
Siwan
Bihar
Sonepur
Bihar
Sugauli
Bihar
Sultanganj
Bihar
Supaul
Bihar
Warisaliganj
Bihar
Chandigarh-The Beautiful City
Chandigarh
Ahiwara
Chhattisgarh
Akaltara
Chhattisgarh
Ambagarh Chowki
Chhattisgarh
Ambikapur
Chhattisgarh
Arang
Chhattisgarh
Bade Bacheli
Chhattisgarh
Balod
Chhattisgarh
Baloda Bazar
Chhattisgarh
Basna
Chhattisgarh
Bemetra
Chhattisgarh
Bhatapara
Chhattisgarh
Bhilai
Chhattisgarh
Bilaspur
Chhattisgarh
Birgaon
Chhattisgarh
Champa
Chhattisgarh
Chirmiri
Chhattisgarh
Dalli-Rajhara
Chhattisgarh
Dhamtari
Chhattisgarh
Dipka
Chhattisgarh
Dongargarh
Chhattisgarh
Durg-Bhilai Nagar
Chhattisgarh
Gobranawapara
Chhattisgarh
Jagdalpur
Chhattisgarh
Janjgir
Chhattisgarh
Jashpurnagar
Chhattisgarh
Kanker
Chhattisgarh
Kawardha
Chhattisgarh
Kondagaon
Chhattisgarh
Korba
Chhattisgarh
Mahasamund
Chhattisgarh
Mahendragarh
Chhattisgarh
Mungeli
Chhattisgarh
Naila Janjgir
Chhattisgarh
Nawagarh
Chhattisgarh
Raigarh
Chhattisgarh
Raipur
Chhattisgarh
Rajnandgaon
Chhattisgarh
Sakti
Chhattisgarh
Tilda Newra
Chhattisgarh
Amli
Dadra and Nagar Haveli
Silvassa
Dadra and Nagar Haveli
Daman and Diu
Daman and Diu
Asola
Delhi
Bawana
Delhi
Bhajanpura
Delhi
Delhi
Delhi
Najafgarh
Delhi
Narela
Delhi
New Delhi
Delhi
Aldona
Goa
Curchorem Cacora
Goa
Goa Velha
Goa
Margao
Goa
Mapusa
Goa
Margao
Goa
Marmagao
Goa
Panaji
Goa
Adalaj
Gujarat
Adityana
Gujarat
Ahmedabad
Gujarat
Alang
Gujarat
Ambaji
Gujarat
Ambaliyasan
Gujarat
Amreli
Gujarat
Anand
Gujarat
Andada
Gujarat
Anjar
Gujarat
Anklav
Gujarat
Ankleshwar
Gujarat
Antaliya
Gujarat
Arambhada
Gujarat
Atul
Gujarat
Bharuch
Gujarat
Bhavnagar
Gujarat
Bhuj
Gujarat
Dahod
Gujarat
Deesa
Gujarat
Dehegam
Gujarat
Dharampur
Gujarat
Dholka
Gujarat
Dhoraji
Gujarat
Dwarka
Gujarat
Gandhidham
Gujarat
Gandhinagar
Gujarat
Godhra
Gujarat
Himatnagar
Gujarat
Idar
Gujarat
Jamnagar
Gujarat
Junagadh
Gujarat
Kadi
Gujarat
Kalavad
Gujarat
Kalol
Gujarat
Kapadvanj
Gujarat
Karjan
Gujarat
Keshod
Gujarat
Khambhalia
Gujarat
Khambhat
Gujarat
Kheda
Gujarat
Khedbrahma
Gujarat
Kheralu
Gujarat
Kodinar
Gujarat
Lathi
Gujarat
Limbdi
Gujarat
Lunawada
Gujarat
Mahesana
Gujarat
Mahuva
Gujarat
Manavadar
Gujarat
Mandvi
Gujarat
Mangrol
Gujarat
Mansa
Gujarat
Mehmedabad
Gujarat
Mithapur
Gujarat
Modasa
Gujarat
Morvi
Gujarat
Nadiad
Gujarat
Navsari
Gujarat
Padra
Gujarat
Palanpur
Gujarat
Palitana
Gujarat
Pardi
Gujarat
Patan
Gujarat
Petlad
Gujarat
Porbandar
Gujarat
Radhanpur
Gujarat
Rajkot
Gujarat
Rajpipla
Gujarat
Rajula
Gujarat
Ranavav
Gujarat
Rapar
Gujarat
Salaya
Gujarat
Sanand
Gujarat
Savarkundla
Gujarat
Sidhpur
Gujarat
Sihor
Gujarat
Songadh
Gujarat
Surat
Gujarat
Talaja
Gujarat
Thangadh
Gujarat
Tharad
Gujarat
Umbergaon
Gujarat
Umreth
Gujarat
Una
Gujarat
Unjha
Gujarat
Upleta
Gujarat
Vadnagar
Gujarat
Vadodara
Gujarat
Valsad
Gujarat
Vapi
Gujarat
Vapi
Gujarat
Veraval
Gujarat
Vijapur
Gujarat
Viramgam
Gujarat
Visnagar
Gujarat
Vyara
Gujarat
Wadhwan
Gujarat
Wankaner
Gujarat
Asankhurd
Haryana
Assandh
Haryana
Ateli
Haryana
Babiyal
Haryana
Bahadurgarh
Haryana
Ballabhgarh
Haryana
Barwala
Haryana
Bawal
Haryana
Bhiwani
Haryana
Charkhi Dadri
Haryana
Cheeka
Haryana
Ellenabad
Haryana
Faridabad
Haryana
Fatehabad
Haryana
Ganaur
Haryana
Gharaunda
Haryana
Gohana
Haryana
Gurgaon
Haryana
Hansi
Haryana
Hisar
Haryana
Hodal
Haryana
Jagadhri
Haryana
Jhajjar
Haryana
Jind
Haryana
Kaithal
Haryana
Kalan Wali
Haryana
Kalka
Haryana
Karnal
Haryana
Kurukshetra
Haryana
Ladwa
Haryana
Mahendragarh
Haryana
Mandi Dabwali
Haryana
Manesar
Haryana
Narnaul
Haryana
Narwana
Haryana
Palwal
Haryana
Panchkula
Haryana
Panipat
Haryana
Pehowa
Haryana
Pinjore
Haryana
Rania
Haryana
Ratia
Haryana
Rewari
Haryana
Rohtak
Haryana
Safidon
Haryana
Samalkha
Haryana
Sarsod
Haryana
Shahbad
Haryana
Sirsa
Haryana
Sohna
Haryana
Sonipat
Haryana
Taraori
Haryana
Thanesar
Haryana
Tohana
Haryana
Yamunanagar
Haryana
Arki
Himachal Pradesh
Baddi
Himachal Pradesh
Bilaspur
Himachal Pradesh
Chamba
Himachal Pradesh
Dalhousie
Himachal Pradesh
Dharamsala
Himachal Pradesh
Hamirpur
Himachal Pradesh
Keylong
Himachal Pradesh
Mandi
Himachal Pradesh
Nahan
Himachal Pradesh
Shimla
Himachal Pradesh
Solan
Himachal Pradesh
Sundarnagar
Himachal Pradesh
Achabal
Jammu and Kashmir
Akhnoor
Jammu and Kashmir
Anantnag
Jammu and Kashmir
Arnia
Jammu and Kashmir
Awantipora
Jammu and Kashmir
Bandipore
Jammu and Kashmir
Baramula
Jammu and Kashmir
Bijbehara
Jammu and Kashmir
Jammu
Jammu and Kashmir
Kathua
Jammu and Kashmir
Katra
Jammu and Kashmir
Leh
Jammu and Kashmir
Punch
Jammu and Kashmir
Rajauri
Jammu and Kashmir
Sopore
Jammu and Kashmir
Srinagar
Jammu and Kashmir
Udhampur
Jammu and Kashmir
Amlabad
Jharkhand
Ara
Jharkhand
Barughutu
Jharkhand
Bokaro Steel City
Jharkhand
Chaibasa
Jharkhand
Chakradharpur
Jharkhand
Chandil
Jharkhand
Chandrapura
Jharkhand
Chatra
Jharkhand
Chirkunda
Jharkhand
Churi
Jharkhand
Daltonganj
Jharkhand
Deoghar
Jharkhand
Dhanbad
Jharkhand
Dumka
Jharkhand
Garhwa
Jharkhand
Ghatshila
Jharkhand
Giridih
Jharkhand
Godda
Jharkhand
Gomoh
Jharkhand
Gumia
Jharkhand
Gumla
Jharkhand
Hazaribag
Jharkhand
Hussainabad
Jharkhand
Jamshedpur
Jharkhand
Jamtara
Jharkhand
Jhumri Tilaiya
Jharkhand
Khunti
Jharkhand
Lohardaga
Jharkhand
Madhupur
Jharkhand
Mihijam
Jharkhand
Musabani
Jharkhand
Pakaur
Jharkhand
Patratu
Jharkhand
Phusro
Jharkhand
Ramngarh
Jharkhand
Ranchi
Jharkhand
Sahibganj
Jharkhand
Saunda
Jharkhand
Simdega
Jharkhand
Tenu Dam-cum-Kathhara
Jharkhand
Pereyaapatna
Karnataka
Adiyara
Karnataka
Afzalpura
Karnataka
Alandha
Karnataka
Aalanavara
Karnataka
Alur
Karnataka
Ambikaanagara
Karnataka
Anekal
Karnataka
Ankola
Karnataka
Annigeri
Karnataka
Arsikere
Karnataka
Arkalgud
Karnataka
Athni
Karnataka
Aurad
Karnataka
Babaleshwar
Karnataka
Bangalore
Karnataka
Basavan Bagevadi
Karnataka
Belgaum
Karnataka
Ballary
Karnataka
Bidar
Karnataka
Bijapur
Karnataka
Chadchan
Karnataka
Chamarajanagara
Karnataka
Chikkodi
Karnataka
Chikkamagalur
Karnataka
Chinthaamani
Karnataka
Chitradurga
Karnataka
Chikkaballapura
Karnataka
Davanagere
Karnataka
Devar Hipparagi
Karnataka
Dharwad
Karnataka
Gadhaga/Gadag
Karnataka
Gauribidanur
Karnataka
Gokak
Karnataka
Gulbarga
Karnataka
Gundlupet
Karnataka
Haasana
Karnataka
Hosapet
Karnataka
Hubbali
Karnataka
Hukkeri
Karnataka
Indi
Karnataka
Kalburgi
Karnataka
Kaarkala
Karnataka
Karwar
Karnataka
Kolar
Karnataka
Kolhar
Karnataka
Kota
Karnataka
Lakshmishawara
Karnataka
Lingsuguru
Karnataka
Maddhuru
Karnataka
Madhugiri
Karnataka
Madikeri
Karnataka
Maagadi
Karnataka
Mahalingapura
Karnataka
Malavalli
Karnataka
Maaluru
Karnataka
Mandya
Karnataka
Mangalore
Karnataka
Maanvi
Karnataka
Mudalagi
Karnataka
Mudabidri
Karnataka
Muddebihala
Karnataka
Mudhola
Karnataka
Mulabaagilu
Karnataka
Mundaragi
Karnataka
Delhi
Karnataka
Nidagundi
Karnataka
Nanjanagoodu
Karnataka
Nippani
Karnataka
Paavagada
Karnataka
Puthooru
Karnataka
Rabakavi Banahatti
Karnataka
Raayachuru
Karnataka
Raamanagara
Karnataka
Raamadurga
Karnataka
Ranibennur
Karnataka
Robertson Pet
Karnataka
Ron
Karnataka
Sadalaga
Karnataka
Sagara
Karnataka
Sakaleshapura
Karnataka
Sindagi
Karnataka
Sandur
Karnataka
Sankeshwara
Karnataka
Soudaththi-Yellamma
Karnataka
Savanur
Karnataka
Sedam
Karnataka
Shahabad
Karnataka
Shahapura
Karnataka
Shiggaavi
Karnataka
Shikapur
Karnataka
Shivamogga
Karnataka
Surapura
Karnataka
Shree Rangapattana
Karnataka
Sidhalaghatta
Karnataka
Sindhagi
Karnataka
Sindhanooru
Karnataka
Sira
Karnataka
Sirsi
Karnataka
Sheraguppa
Karnataka
Shreenivaasapura
Karnataka
Thaalikote
Karnataka
Tarikere
Karnataka
Tekkalakote
Karnataka
Thergallu
Karnataka
Tikota
Karnataka
Talikota
Karnataka
Thipatooru
Karnataka
Tumkur
Karnataka
Udupi
Karnataka
Ugar
Karnataka
Vijayapura
Karnataka
Wadi
Karnataka
Yaadhagiri
Karnataka
Adoor
Kerala
Akathiyoor
Kerala
Alappuzha
Kerala
Ancharakandy
Kerala
Aroor
Kerala
Ashtamichira
Kerala
Attingal
Kerala
Avinissery
Kerala
Chalakudy
Kerala
Changanassery
Kerala
Chendamangalam
Kerala
Chengannur
Kerala
Cherthala
Kerala
Cheruthazham
Kerala
Chittur-Thathamangalam
Kerala
Chockli
Kerala
Erattupetta
Kerala
Edathua
Kerala
Guruvayoor
Kerala
Haripad
Kerala
Irinjalakuda
Kerala
Idukki
Kerala
Kadirur
Kerala
Kalliasseri
Kerala
Kalpetta
Kerala
Kanhangad
Kerala
Kanjikkuzhi
Kerala
Kannur
Kerala
Kasaragod
Kerala
Kayamkulam
Kerala
Kochi
Kerala
Kodungallur
Kerala
Kollam
Kerala
Koothuparamba
Kerala
Kothamangalam
Kerala
Kottayam
Kerala
Kozhikode
Kerala
Kozhencherry
Kerala
Kunnamkulam
Kerala
Malappuram
Kerala
Mattannur
Kerala
Mavelikkara
Kerala
Mavoor
Kerala
Muvattupuzha
Kerala
Nedumangad
Kerala
Neyyattinkara
Kerala
Nilambur
Kerala
Ottappalam
Kerala
Palai
Kerala
Palakkad
Kerala
Panamattom
Kerala
Panniyannur
Kerala
Pappinisseri
Kerala
Paravoor
Kerala
Pathanamthitta
Kerala
Peringathur
Kerala
Perinthalmanna
Kerala
Perumbavoor
Kerala
Ponkunnam
Kerala
Ponnani
Kerala
Punalur
Kerala
Puthuppally
Kerala
Quilandy
Kerala
Shoranur
Kerala
Taliparamba
Kerala
Thiruvalla
Kerala
Trivandrum
Kerala
Thodupuzha
Kerala
Thrissur
Kerala
Tirur
Kerala
Vadakara
Kerala
Vaikom
Kerala
Varkala
Kerala
Amini
Lakshadweep
Kavaratti
Lakshadweep
Ashok Nagar
Madhya Pradesh
Badagaon
Madhya Pradesh
Balaghat
Madhya Pradesh
Barwani
Madhya Pradesh
Betul
Madhya Pradesh
Bhopal
Madhya Pradesh
Burhanpur
Madhya Pradesh
Chhatarpur
Madhya Pradesh
Chhindwara
Madhya Pradesh
Chitrakoot
Madhya Pradesh
Dabra
Madhya Pradesh
Damoh
Madhya Pradesh
Datia
Madhya Pradesh
Dewas
Madhya Pradesh
Dhar
Madhya Pradesh
Fatehabad
Madhya Pradesh
Gadarwara
Madhya Pradesh
Guna
Madhya Pradesh
Gwalior
Madhya Pradesh
Harda
Madhya Pradesh
Indore
Madhya Pradesh
Itarsi
Madhya Pradesh
Jabalpur
Madhya Pradesh
Jhabua
Madhya Pradesh
Kailaras
Madhya Pradesh
Katni
Madhya Pradesh
Khurai
Madhya Pradesh
Kotma
Madhya Pradesh
Lahar
Madhya Pradesh
Lundi
Madhya Pradesh
Maharajpur
Madhya Pradesh
Mahidpur
Madhya Pradesh
Maihar
Madhya Pradesh
Malajkhand
Madhya Pradesh
Manasa
Madhya Pradesh
Manawar
Madhya Pradesh
Mandideep
Madhya Pradesh
Mandla
Madhya Pradesh
Mandsaur
Madhya Pradesh
Mauganj
Madhya Pradesh
Mhow Cantonment
Madhya Pradesh
Mhowgaon
Madhya Pradesh
Morena
Madhya Pradesh
Multai
Madhya Pradesh
Mundi
Madhya Pradesh
Murwara
Madhya Pradesh
Nagda
Madhya Pradesh
Nainpur
Madhya Pradesh
Narsinghgarh
Madhya Pradesh
Narsinghgarh
Madhya Pradesh
Neemuch
Madhya Pradesh
Nepanagar
Madhya Pradesh
Niwari
Madhya Pradesh
Nowgong
Madhya Pradesh
Nowrozabad
Madhya Pradesh
Pachore
Madhya Pradesh
Pali
Madhya Pradesh
Panagar
Madhya Pradesh
Pandhurna
Madhya Pradesh
Panna
Madhya Pradesh
Pasan
Madhya Pradesh
Pipariya
Madhya Pradesh
Pithampur
Madhya Pradesh
Porsa
Madhya Pradesh
Prithvipur
Madhya Pradesh
Raghogarh-Vijaypur
Madhya Pradesh
Rahatgarh
Madhya Pradesh
Raisen
Madhya Pradesh
Rajgarh
Madhya Pradesh
Ratlam
Madhya Pradesh
Rau
Madhya Pradesh
Rehli
Madhya Pradesh
Rewa
Madhya Pradesh
Sabalgarh
Madhya Pradesh
Sagar
Madhya Pradesh
Sanawad
Madhya Pradesh
Sarangpur
Madhya Pradesh
Sarni
Madhya Pradesh
Satna
Madhya Pradesh
Sausar
Madhya Pradesh
Sehore
Madhya Pradesh
Sendhwa
Madhya Pradesh
Seoni
Madhya Pradesh
Seoni-Malwa
Madhya Pradesh
Shahdol
Madhya Pradesh
Shajapur
Madhya Pradesh
Shamgarh
Madhya Pradesh
Sheopur
Madhya Pradesh
Shivpuri
Madhya Pradesh
Shujalpur
Madhya Pradesh
Sidhi
Madhya Pradesh
Sihora
Madhya Pradesh
Singrauli
Madhya Pradesh
Sironj
Madhya Pradesh
Sohagpur
Madhya Pradesh
Tarana
Madhya Pradesh
Tikamgarh
Madhya Pradesh
Ujhani
Madhya Pradesh
Ujjain
Madhya Pradesh
Umaria
Madhya Pradesh
Vidisha
Madhya Pradesh
Wara Seoni
Madhya Pradesh
Achalpur
Maharashtra
Ahmednagar
Maharashtra
Ahmedpur
Maharashtra
Ajra
Maharashtra
Akkalkot
Maharashtra
Akola
Maharashtra
Akot
Maharashtra
Alandi
Maharashtra
Alibag
Maharashtra
Amalner
Maharashtra
Ambad
Maharashtra
Ambejogai
Maharashtra
Ambivali Tarf Wankhal
Maharashtra
Amravati
Maharashtra
Anjangaon
Maharashtra
Arvi
Maharashtra
Ashta
Maharashtra
Aurangabad
Maharashtra
Ausa
Maharashtra
Baramati
Maharashtra
Bhandara
Maharashtra
Bhiwandi
Maharashtra
Bhusawal
Maharashtra
Chalisgaon
Maharashtra
Chandrapur
Maharashtra
Chinchani
Maharashtra
Chiplun
Maharashtra
Daund
Maharashtra
Devgarh
Maharashtra
Dhule
Maharashtra
Dombivli
Maharashtra
Durgapur
Maharashtra
Gadchiroli
Maharashtra
Ghatanji
Maharashtra
Gondiya
Maharashtra
Ichalkaranji
Maharashtra
Jalna
Maharashtra
Jalgaon
Maharashtra
Junnar
Maharashtra
Kalyan
Maharashtra
Kamthi
Maharashtra
Karad
Maharashtra
Karjat
Maharashtra
Kolhapur
Maharashtra
Latur
Maharashtra
Loha
Maharashtra
Lonar
Maharashtra
Lonavla
Maharashtra
Mahabaleswar
Maharashtra
Mahad
Maharashtra
Mahuli
Maharashtra
Malegaon
Maharashtra
Malkapur
Maharashtra
Manchar
Maharashtra
Mangalvedhe
Maharashtra
Mangrulpir
Maharashtra
Manjlegaon
Maharashtra
Manmad
Maharashtra
Manwath
Maharashtra
Mehkar
Maharashtra
Mhaswad
Maharashtra
Mira-Bhayandar
Maharashtra
Miraj
Maharashtra
Morshi
Maharashtra
Mukhed
Maharashtra
Mul
Maharashtra
Mumbai
Maharashtra
Murtijapur
Maharashtra
Nagpur
Maharashtra
Nalasopara
Maharashtra
Nanded-Waghala
Maharashtra
Nandgaon
Maharashtra
Nandura
Maharashtra
Nandurbar
Maharashtra
Narkhed
Maharashtra
Nashik
Maharashtra
Navi Mumbai
Maharashtra
Nawapur
Maharashtra
Nilanga
Maharashtra
Osmanabad
Maharashtra
Ozar
Maharashtra
Pachora
Maharashtra
Paithan
Maharashtra
Palghar
Maharashtra
Pandharkaoda
Maharashtra
Pandharpur
Maharashtra
Panvel
Maharashtra
Parbhani
Maharashtra
Parli
Maharashtra
Parola
Maharashtra
Partur
Maharashtra
Pathardi
Maharashtra
Pathri
Maharashtra
Patur
Maharashtra
Pauni
Maharashtra
Pen
Maharashtra
Phaltan
Maharashtra
Pulgaon
Maharashtra
Pune
Maharashtra
Purna
Maharashtra
Pusad
Maharashtra
Raichuri
Maharashtra
Rajura
Maharashtra
Ramtek
Maharashtra
Ratnagiri
Maharashtra
Raver
Maharashtra
Risod
Maharashtra
Sailu
Maharashtra
Sangamner
Maharashtra
Sangli
Maharashtra
Sangole
Maharashtra
Sasvad
Maharashtra
Satana
Maharashtra
Satara
Maharashtra
Savner
Maharashtra
Sawantwadi
Maharashtra
Shahade
Maharashtra
Shegaon
Maharashtra
Shendurjana
Maharashtra
Shirdi
Maharashtra
Shirpur-Warwade
Maharashtra
Shirur
Maharashtra
Shrigonda
Maharashtra
Shrirampur
Maharashtra
Sillod
Maharashtra
Sinnar
Maharashtra
Solapur
Maharashtra
Soyagaon
Maharashtra
Talegaon Dabhade
Maharashtra
Talode
Maharashtra
Tasgaon
Maharashtra
Thane
Maharashtra
Tirora
Maharashtra
Tuljapur
Maharashtra
Tumsar
Maharashtra
Uchgaon
Maharashtra
Udgir
Maharashtra
Umarga
Maharashtra
Umarkhed
Maharashtra
Umred
Maharashtra
Uran
Maharashtra
Uran Islampur
Maharashtra
Vadgaon Kasba
Maharashtra
Vaijapur
Maharashtra
Vasai
Maharashtra
Virar
Maharashtra
Vita
Maharashtra
Wadgaon Road
Maharashtra
Wai
Maharashtra
Wani
Maharashtra
Wardha
Maharashtra
Warora
Maharashtra
Warud
Maharashtra
Washim
Maharashtra
Yavatmal
Maharashtra
Yawal
Maharashtra
Yevla
Maharashtra
Imphal
Manipur
Kakching
Manipur
Lilong
Manipur
Mayang Imphal
Manipur
Thoubal
Manipur
Jowai
Meghalaya
Nongstoin
Meghalaya
Shillong
Meghalaya
Tura
Meghalaya
Aizawl
Mizoram
Champhai
Mizoram
Lunglei
Mizoram
Saiha
Mizoram
Dimapur
Nagaland
Kohima
Nagaland
Mokokchung
Nagaland
Tuensang
Nagaland
Wokha
Nagaland
Zunheboto
Nagaland
Indirapuram
National Capital Region (India)
Anandapur
Odisha
Anugul
Odisha
Asika
Odisha
Balangir
Odisha
Balasore
Odisha
Baleshwar
Odisha
Bamra
Odisha
Barbil
Odisha
Bargarh
Odisha
Baripada
Odisha
Basudebpur
Odisha
Belpahar
Odisha
Bhadrak
Odisha
Bhawanipatna
Odisha
Bhuban
Odisha
Bhubaneswar
Odisha
Biramitrapur
Odisha
Brahmapur
Odisha
Brajrajnagar
Odisha
Burla
Odisha
Byasanagar
Odisha
Cuttack
Odisha
Ganjam
Odisha
Gunupur
Odisha
Hinjilicut
Odisha
Jagatsinghapur
Odisha
Jajapur
Odisha
Jaleswar
Odisha
Jatani
Odisha
Jeypur
Odisha
Jharsuguda
Odisha
Joda
Odisha
Kantabanji
Odisha
Karanjia
Odisha
Kendrapara
Odisha
Kendujhar
Odisha
Khordha
Odisha
Koraput
Odisha
Kuchinda
Odisha
Madhyamgram
Odisha
Malkangiri
Odisha
Nabarangapur
Odisha
Paradip
Odisha
Parlakhemundi
Odisha
Pattamundai
Odisha
Phulabani
Odisha
Puri
Odisha
Rairangpur
Odisha
Rajagangapur
Odisha
Raurkela
Odisha
Rayagada
Odisha
Sambalpur
Odisha
Soro
Odisha
Sunabeda
Odisha
Sundargarh
Odisha
Talcher
Odisha
Tarbha
Odisha
Titlagarh
Odisha
Umarkote
Odisha
Debagarh
Orissa
Dhenkanal
Orissa
Karaikal
Puducherry
Mahe
Puducherry
Pondicherry
Puducherry
Yanam
Puducherry
Ahmedgarh
Punjab
Amritsar
Punjab
Barnala
Punjab
Batala
Punjab
Bathinda
Punjab
Bhagha Purana
Punjab
Budhlada
Punjab
Dasua
Punjab
Dhuri
Punjab
Dinanagar
Punjab
Faridkot
Punjab
Fazilka
Punjab
Firozpur
Punjab
Firozpur Cantt.
Punjab
Giddarbaha
Punjab
Gobindgarh
Punjab
Gurdaspur
Punjab
Hoshiarpur
Punjab
Jagraon
Punjab
Jaitu
Punjab
Jalalabad
Punjab
Jalandhar Cantt.
Punjab
Jalandhar
Punjab
Jandiala
Punjab
Kapurthala
Punjab
Karoran
Punjab
Kartarpur
Punjab
Khanna
Punjab
Kharar
Punjab
Kot Kapura
Punjab
Kurali
Punjab
Kamahi Devi
Punjab
Longowal
Punjab
Ludhiana
Punjab
Malerkotla
Punjab
Malout
Punjab
Mansa
Punjab
Maur
Punjab
Moga
Punjab
Mohali
Punjab
Morinda
Punjab
Mukatsar
Punjab
Mukerian
Punjab
Muktsar
Punjab
Nabha
Punjab
Nakodar
Punjab
Nangal
Punjab
Nawanshahr
Punjab
Pathankot
Punjab
Patiala
Punjab
Patran
Punjab
Patti
Punjab
Phagwara
Punjab
Phillaur
Punjab
Qadian
Punjab
Raikot
Punjab
Rajpura
Punjab
Rampura Phul
Punjab
Rupnagar
Punjab
Samana
Punjab
Sangrur
Punjab
Sirhind Fatehgarh Sahib
Punjab
Sujanpur
Punjab
Sunam
Punjab
Talwara
Punjab
Tarn Taran
Punjab
Urmar Tanda
Punjab
Zira
Punjab
Zirakpur
Punjab
Ajmer
Rajasthan
Alwar
Rajasthan
Bhiwadi
Rajasthan
Bali
Rajasthan
Bandikui
Rajasthan
Banswara
Rajasthan
Baran
Rajasthan
Barmer
Rajasthan
Beawar
Rajasthan
Bharatpur
Rajasthan
Bhilwara
Rajasthan
Bhinmal
Rajasthan
Bikaner
Rajasthan
Bilara
Rajasthan
Churu
Rajasthan
Devgarh
Rajasthan
Falna
Rajasthan
Fatehpur
Rajasthan
Hanumangarh
Rajasthan
Harsawa
Rajasthan
Jaipur
Rajasthan
Jaisalmer
Rajasthan
Jaitaran
Rajasthan
Jalore
Rajasthan
Jhalawar
Rajasthan
Jhunjhunu
Rajasthan
Jodhpur
Rajasthan
Kota
Rajasthan
Lachhmangarh
Rajasthan
Ladnu
Rajasthan
Lakheri
Rajasthan
Lalsot
Rajasthan
Losal
Rajasthan
Mahwa
Rajasthan
Makrana
Rajasthan
Malpura
Rajasthan
Mandalgarh
Rajasthan
Mandawa
Rajasthan
Mangrol
Rajasthan
Merta City
Rajasthan
Mount Abu
Rajasthan
Meethari Marwar
Rajasthan
Nadbai
Rajasthan
Nagar
Rajasthan
Nagaur
Rajasthan
Nargund
Rajasthan
Nasirabad
Rajasthan
Nathdwara
Rajasthan
Navalgund
Rajasthan
Nawalgarh
Rajasthan
Neem-Ka-Thana
Rajasthan
Nelamangala
Rajasthan
Nimbahera
Rajasthan
Niwai
Rajasthan
Nohar
Rajasthan
Nokha
Rajasthan
Pali
Rajasthan
Phalodi
Rajasthan
Phulera
Rajasthan
Pilani
Rajasthan
Pilibanga
Rajasthan
Pindwara
Rajasthan
Pipar City
Rajasthan
Prantij
Rajasthan
Pratapgarh
Rajasthan
Raisinghnagar
Rajasthan
Rajakhera
Rajasthan
Rajaldesar
Rajasthan
Rajgarh (Alwar)
Rajasthan
Rajgarh (Churu)
Rajasthan
Rajsamand
Rajasthan
Ramganj Mandi
Rajasthan
Ramngarh
Rajasthan
Ratangarh
Rajasthan
Rawatbhata
Rajasthan
Rawatsar
Rajasthan
Reengus
Rajasthan
Sadri
Rajasthan
Sadulshahar
Rajasthan
Sadulpur
Rajasthan
Sagwara
Rajasthan
Sambhar
Rajasthan
Sanchore
Rajasthan
Sangaria
Rajasthan
Sardarshahar
Rajasthan
Sawai Madhopur
Rajasthan
Shahpura
Rajasthan
Shahpura
Rajasthan
Sheoganj
Rajasthan
Sikar
Rajasthan
Sirohi
Rajasthan
Sojat
Rajasthan
Sri Madhopur
Rajasthan
Sujangarh
Rajasthan
Sumerpur
Rajasthan
Suratgarh
Rajasthan
Taranagar
Rajasthan
Todabhim
Rajasthan
Todaraisingh
Rajasthan
Tonk
Rajasthan
Udaipur
Rajasthan
Udaipurwati
Rajasthan
Vijainagar
Rajasthan
Gangtok
Sikkim
Arakkonam
Tamil Nadu
Arcot
Tamil Nadu
Ariyalur
Tamil Nadu
Aruppukkottai
Tamil Nadu
Bhavani
Tamil Nadu
Chengalpattu
Tamil Nadu
Chennai
Tamil Nadu
Chinna salem
Tamil Nadu
Coimbatore
Tamil Nadu
Coonoor
Tamil Nadu
Cuddalore
Tamil Nadu
Dharmapuri
Tamil Nadu
Dindigul
Tamil Nadu
Erode
Tamil Nadu
Gingee
Tamil Nadu
Gobichettipalayam
Tamil Nadu
Gudalur
Tamil Nadu
Gudalur
Tamil Nadu
Gudalur
Tamil Nadu
Harur
Tamil Nadu
Jayankondam
Tamil Nadu
Kanchipuram
Tamil Nadu
Karaikudi
Tamil Nadu
Karur
Tamil Nadu
Karungal
Tamil Nadu
Kollankodu
Tamil Nadu
Lalgudi
Tamil Nadu
Madurai
Tamil Nadu
Nagapattinam
Tamil Nadu
Nagercoil
Tamil Nadu
Namagiripettai
Tamil Nadu
Namakkal
Tamil Nadu
Nandivaram-Guduvancheri
Tamil Nadu
Nanjikottai
Tamil Nadu
Natham
Tamil Nadu
Nellikuppam
Tamil Nadu
Neyveli
Tamil Nadu
O' Valley
Tamil Nadu
Oddanchatram
Tamil Nadu
P.N.Patti
Tamil Nadu
Pacode
Tamil Nadu
Padmanabhapuram
Tamil Nadu
Palani
Tamil Nadu
Palladam
Tamil Nadu
Pallapatti
Tamil Nadu
Pallikonda
Tamil Nadu
Panagudi
Tamil Nadu
Panruti
Tamil Nadu
Paramakudi
Tamil Nadu
Parangipettai
Tamil Nadu
Pattukkottai
Tamil Nadu
Perambalur
Tamil Nadu
Peravurani
Tamil Nadu
Periyakulam
Tamil Nadu
Periyasemur
Tamil Nadu
Pernampattu
Tamil Nadu
Pollachi
Tamil Nadu
Polur
Tamil Nadu
Ponneri
Tamil Nadu
Pudukkottai
Tamil Nadu
Pudupattinam
Tamil Nadu
Puliyankudi
Tamil Nadu
Punjaipugalur
Tamil Nadu
Ranipet
Tamil Nadu
Rajapalayam
Tamil Nadu
Ramanathapuram
Tamil Nadu
Rameshwaram
Tamil Nadu
Rasipuram
Tamil Nadu
Salem
Tamil Nadu
Sankarankoil
Tamil Nadu
Sankari
Tamil Nadu
Sathyamangalam
Tamil Nadu
Sattur
Tamil Nadu
Shenkottai
Tamil Nadu
Sholavandan
Tamil Nadu
Sholingur
Tamil Nadu
Sirkali
Tamil Nadu
Sivaganga
Tamil Nadu
Sivagiri
Tamil Nadu
Sivakasi
Tamil Nadu
Srivilliputhur
Tamil Nadu
Surandai
Tamil Nadu
Suriyampalayam
Tamil Nadu
Tenkasi
Tamil Nadu
Thammampatti
Tamil Nadu
Thanjavur
Tamil Nadu
Tharamangalam
Tamil Nadu
Tharangambadi
Tamil Nadu
Theni Allinagaram
Tamil Nadu
Thirumangalam
Tamil Nadu
Thirunindravur
Tamil Nadu
Thiruparappu
Tamil Nadu
Thirupuvanam
Tamil Nadu
Thiruthuraipoondi
Tamil Nadu
Thiruvallur
Tamil Nadu
Thiruvarur
Tamil Nadu
Thoothukudi
Tamil Nadu
Thuraiyur
Tamil Nadu
Tindivanam
Tamil Nadu
Tiruchendur
Tamil Nadu
Tiruchengode
Tamil Nadu
Tiruchirappalli
Tamil Nadu
Tirukalukundram
Tamil Nadu
Tirukkoyilur
Tamil Nadu
Tirunelveli
Tamil Nadu
Tirupathur
Tamil Nadu
Tirupathur
Tamil Nadu
Tiruppur
Tamil Nadu
Tiruttani
Tamil Nadu
Tiruvannamalai
Tamil Nadu
Tiruvethipuram
Tamil Nadu
Tittakudi
Tamil Nadu
Udhagamandalam
Tamil Nadu
Udumalaipettai
Tamil Nadu
Unnamalaikadai
Tamil Nadu
Usilampatti
Tamil Nadu
Uthamapalayam
Tamil Nadu
Uthiramerur
Tamil Nadu
Vadakkuvalliyur
Tamil Nadu
Vadalur
Tamil Nadu
Vadipatti
Tamil Nadu
Valparai
Tamil Nadu
Vandavasi
Tamil Nadu
Vaniyambadi
Tamil Nadu
Vedaranyam
Tamil Nadu
Vellakoil
Tamil Nadu
Vellore
Tamil Nadu
Vikramasingapuram
Tamil Nadu
Viluppuram
Tamil Nadu
Virudhachalam
Tamil Nadu
Virudhunagar
Tamil Nadu
Viswanatham
Tamil Nadu
Agartala
Tripura
Badharghat
Tripura
Dharmanagar
Tripura
Indranagar
Tripura
Jogendranagar
Tripura
Kailasahar
Tripura
Khowai
Tripura
Pratapgarh
Tripura
Udaipur
Tripura
Achhnera
Uttar Pradesh
Adari
Uttar Pradesh
Agra
Uttar Pradesh
Akbarpur
Uttar Pradesh
Aligarh
Uttar Pradesh
Allahabad
Uttar Pradesh
Amroha
Uttar Pradesh
Azamgarh
Uttar Pradesh
Azmatgarh
Uttar Pradesh
Badaun
Uttar Pradesh
Bahraich
Uttar Pradesh
Ballia
Uttar Pradesh
Balrampur
Uttar Pradesh
Bandar
Uttar Pradesh
Bareilly
Uttar Pradesh
Bharthana
Uttar Pradesh
Bijnor
Uttar Pradesh
Budaun
Uttar Pradesh
Bulandshahr
Uttar Pradesh
Chakeri
Uttar Pradesh
Chandauli
Uttar Pradesh
Chandausi
Uttar Pradesh
Charkhari
Uttar Pradesh
Dadri
Uttar Pradesh
Deoria
Uttar Pradesh
Dhampur
Uttar Pradesh
Etah
Uttar Pradesh
Etawah
Uttar Pradesh
Faizabad
Uttar Pradesh
Farrukhabad
Uttar Pradesh
Fatehabad
Uttar Pradesh
Fatehgarh
Uttar Pradesh
Fatehpur Chaurasi
Uttar Pradesh
Fatehpur Sikri
Uttar Pradesh
Fatehpur
Uttar Pradesh
Fatehpur
Uttar Pradesh
Firozabad
Uttar Pradesh
Ghatampur
Uttar Pradesh
Ghaziabad
Uttar Pradesh
Ghazipur
Uttar Pradesh
Gorakhpur
Uttar Pradesh
Greater Noida
Uttar Pradesh
Hamirpur
Uttar Pradesh
Hapur
Uttar Pradesh
Hardoi
Uttar Pradesh
Hastinapur
Uttar Pradesh
Hathras
Uttar Pradesh
Jais
Uttar Pradesh
Jajmau
Uttar Pradesh
Jaunpur
Uttar Pradesh
Jhansi
Uttar Pradesh
Kalpi
Uttar Pradesh
Kanpur
Uttar Pradesh
Khalilabad
Uttar Pradesh
Kheri
Uttar Pradesh
Kota
Uttar Pradesh
Kulpahar
Uttar Pradesh
Laharpur
Uttar Pradesh
Lakhimpur
Uttar Pradesh
Lal Gopalganj Nindaura
Uttar Pradesh
Lalitpur
Uttar Pradesh
Lalganj
Uttar Pradesh
Lar
Uttar Pradesh
Loni
Uttar Pradesh
Lucknow
Uttar Pradesh
Mahoba
Uttar Pradesh
Mathura
Uttar Pradesh
Meerut
Uttar Pradesh
Mirzapur
Uttar Pradesh
Modinagar
Uttar Pradesh
Moradabad
Uttar Pradesh
Muradnagar
Uttar Pradesh
Muzaffarnagar
Uttar Pradesh
Nagina
Uttar Pradesh
Najibabad
Uttar Pradesh
Nakur
Uttar Pradesh
Nanpara
Uttar Pradesh
Naraura
Uttar Pradesh
Naugawan Sadat
Uttar Pradesh
Nautanwa
Uttar Pradesh
Nawabganj
Uttar Pradesh
Nehtaur
Uttar Pradesh
Noida
Uttar Pradesh
Noorpur
Uttar Pradesh
Obra
Uttar Pradesh
Orai
Uttar Pradesh
Padrauna
Uttar Pradesh
Palia Kalan
Uttar Pradesh
Parasi
Uttar Pradesh
Phulpur
Uttar Pradesh
Pihani
Uttar Pradesh
Pilibhit
Uttar Pradesh
Pilkhuwa
Uttar Pradesh
Powayan
Uttar Pradesh
Pukhrayan
Uttar Pradesh
Puranpur
Uttar Pradesh
Purquazi
Uttar Pradesh
Purwa
Uttar Pradesh
Rae Bareli
Uttar Pradesh
Rampur
Uttar Pradesh
Rampur Maniharan
Uttar Pradesh
Rampur Maniharan
Uttar Pradesh
Rasra
Uttar Pradesh
Rath
Uttar Pradesh
Renukoot
Uttar Pradesh
Reoti
Uttar Pradesh
Robertsganj
Uttar Pradesh
Rudauli
Uttar Pradesh
Rudrapur
Uttar Pradesh
Sadabad
Uttar Pradesh
Safipur
Uttar Pradesh
Saharanpur
Uttar Pradesh
Sahaspur
Uttar Pradesh
Sahaswan
Uttar Pradesh
Sahawar
Uttar Pradesh
Sahjanwa
Uttar Pradesh
Saidpur
Uttar Pradesh
Sambhal
Uttar Pradesh
Samdhan
Uttar Pradesh
Samthar
Uttar Pradesh
Sandi
Uttar Pradesh
Sandila
Uttar Pradesh
Sardhana
Uttar Pradesh
Seohara
Uttar Pradesh
Shahabad, Hardoi
Uttar Pradesh
Shahabad, Rampur
Uttar Pradesh
Shahganj
Uttar Pradesh
Shahjahanpur
Uttar Pradesh
Shamli
Uttar Pradesh
Shamsabad, Agra
Uttar Pradesh
Shamsabad, Farrukhabad
Uttar Pradesh
Sherkot
Uttar Pradesh
Shikarpur, Bulandshahr
Uttar Pradesh
Shikohabad
Uttar Pradesh
Shishgarh
Uttar Pradesh
Siana
Uttar Pradesh
Sikanderpur
Uttar Pradesh
Sikandra Rao
Uttar Pradesh
Sikandrabad
Uttar Pradesh
Sirsaganj
Uttar Pradesh
Sirsi
Uttar Pradesh
Sitapur
Uttar Pradesh
Soron
Uttar Pradesh
Suar
Uttar Pradesh
Sultanpur
Uttar Pradesh
Sumerpur
Uttar Pradesh
Tanda
Uttar Pradesh
Tanda
Uttar Pradesh
Tetri Bazar
Uttar Pradesh
Thakurdwara
Uttar Pradesh
Thana Bhawan
Uttar Pradesh
Tilhar
Uttar Pradesh
Tirwaganj
Uttar Pradesh
Tulsipur
Uttar Pradesh
Tundla
Uttar Pradesh
Unnao
Uttar Pradesh
Utraula
Uttar Pradesh
Varanasi
Uttar Pradesh
Vrindavan
Uttar Pradesh
Warhapur
Uttar Pradesh
Zaid
Uttar Pradesh
Zamania
Uttar Pradesh
Almora
Uttarakhand
Bageshwar
Uttarakhand
Bazpur
Uttarakhand
Berinag
Uttarakhand
Chamba
Uttarakhand
Champawat
Uttarakhand
Chaukori
Uttarakhand
Dehradun
Uttarakhand
Haldwani
Uttarakhand
Haridwar
Uttarakhand
Jaspur
Uttarakhand
Kanda
Uttarakhand
Kashipur
Uttarakhand
kichha
Uttarakhand
Kotdwara
Uttarakhand
Manglaur
Uttarakhand
Mussoorie
Uttarakhand
Nagla
Uttarakhand
Nainital
Uttarakhand
Pauri
Uttarakhand
Pithoragarh
Uttarakhand
Ramnagar
Uttarakhand
Rishikesh
Uttarakhand
Roorkee
Uttarakhand
Rudrapur
Uttarakhand
Sitarganj
Uttarakhand
Tehri
Uttarakhand
Vijaypur
Uttarakhand
Adra
West Bengal
Alipurduar
West Bengal
Arambagh
West Bengal
Asansol
West Bengal
Baharampur
West Bengal
Bally
West Bengal
Balurghat
West Bengal
Bankura
West Bengal
Barakar
West Bengal
Barasat
West Bengal
Bardhaman
West Bengal
Barrackpur
West Bengal
Bidhan Nagar
West Bengal
Chinsura
West Bengal
Contai
West Bengal
Cooch Behar
West Bengal
Dalkhola
West Bengal
Darjeeling
West Bengal
Dhulian
West Bengal
Dumdum
West Bengal
Durgapur
West Bengal
English Bazar
West Bengal
Haldia
West Bengal
Howrah
West Bengal
Hugli-Chuchura
West Bengal
Islampur
West Bengal
Jalpaiguri
West Bengal
Jhargram
West Bengal
Jhalda
West Bengal
Kalimpong
West Bengal
Kharagpur
West Bengal
Kolkata
West Bengal
Konnagar
West Bengal
Krishnanagar
West Bengal
Kalyani
West Bengal
Mainaguri
West Bengal
Mal
West Bengal
Mathabhanga
West Bengal
Medinipur
West Bengal
Memari
West Bengal
Monoharpur
West Bengal
Murshidabad
West Bengal
Nabadwip
West Bengal
Naihati
West Bengal
Panchla
West Bengal
Pandua
West Bengal
Paschim Punropara
West Bengal
Purulia
West Bengal
Raghunathpur
West Bengal
Raghunathganj
West Bengal
Raiganj
West Bengal
Rampurhat
West Bengal
Ranaghat
West Bengal
Sainthia
West Bengal
Santipur
West Bengal
Siliguri
West Bengal
Sonamukhi
West Bengal
Srirampore
West Bengal
Suri
West Bengal
Taki
West Bengal
Tamluk
West Bengal
Tarakeswar
West Bengal